Variant	Nearest_Gene	Chr	BP	A1/A2	OR[95%CI]	P
rs4844610	CR1	1	207802552	A/C	1,14[1,11-1,16]	7.30E-31
rs2192939	PRKD3/NDUFAF7	2	37484726	A/G	1,05[1,03-1,07]	2.67E-08
rs6733839	BIN1	2	127892810	C/T	0,84[0,83-0,86]	6.43E-77
rs10933431	INPP5D	2	233981912	C/G	1,08[1,06-1,10]	3.64E-12
rs4351014	HS3ST1	4	11027619	C/T	0,94[0,92-0,96]	5.37E-10
rs9275152	HLA	6	32652196	C/T	0,88[0,85-0,91]	4.17E-16
rs75932628	TREM2	6	41129252	C/T	0,50[0,41-0,60]	6.95E-14
rs9381040	TREML2	6	41154650	C/T	1,05[1,03-1,07]	3.72E-08
rs9381564	CD2AP	6	47443806	A/G	0,93[0,91-0,94]	1.79E-15
rs1859788	PILRA	7	99971834	A/G	0,92[0,90-0,93]	1.94E-20
rs56402156	EPHA1	7	143103481	A/G	0,92[0,90-0,94]	9.63E-14
rs73223431	PTK2B	8	27219987	C/T	0,93[0,91-0,94]	1.94E-17
rs9331896	CLU	8	27467686	C/T	0,90[0,89-0,92]	3.77E-29
rs34173062	SHARPIN	8	145158607	A/G	1,16[1,11-1,21]	1.33E-11
rs7920721	ECHDC3	10	11720308	A/G	0,94[0,93-0,96]	3.09E-11
rs3740688	SPI1	11	47380340	T/G	1,07[1,05-1,09]	1.93E-14
rs1582763	MS4A4A	11	60021948	A/G	0,91[0,90-0,93]	8.69E-24
rs3851179	PICALM	11	85868640	C/T	1,12[1,10-1,14]	3.87E-38
rs11218343	SORL1	11	121435587	C/T	0,83[0,79-0,87]	5.59E-16
rs17125924	FERMT2	14	53391680	A/G	0,89[0,87-0,92]	6.30E-14
rs11623019	RIN3/SLC2A4	14	92936971	C/T	0,93[0,91-0,94]	2.41E-13
rs593742	ADAM10	15	59045774	A/G	1,08[1,06-1,10]	3.20E-15
rs117618017	APH1B	15	63569902	C/T	0,91[0,89-0,94]	7.98E-11
rs7185636	IQCK	16	19808163	C/T	 0,95[0,93-0,97]	2.30E-05
rs4985556	IL34	16	70694000	A/C	1,08[1,05-1,11]	2.28E-08
rs12444183	PLCG2	16	81773209	A/G	0,95[0,93-0,97]	1.48E-08
rs72835017	MINK1/CHRNE	17	4746294	A/G	0,91[0,89-0,94]	1.36E-09
rs75511804	SCIMP	17	5138304	C/T	0,91[0,89-0,93]	5.16E-13
rs386572859	MAPT/KANSL1	17	44368216	A/G	0,95[0,91-0,98]	1.07E-03
rs4311	ACE	17	61560763	C/T	1,06[1,04-1,08]	5.51E-10
rs3752231	ABCA7	19	1043638	C/T	0,92[0,90-0,94]	8.42E-16
rs429358	APOE4	19	45411941	C/T	3,00[2,93-3,07]	0
rs7412	APOE2	19	45412079	C/T	1,58[1,52-1,65]	3.20E-123
rs12459419	CD33	19	51728477	C/T	1,06[1,04-1,08]	3.11E-08
rs6024870	CASS4	20	54997568	A/G	0,90[0,87-0,93]	2.16E-11
rs2154481	APP	21	27473875	C/T	0,95[0,93-0,96]	9.26E-10
rs7153315	ELK2AP	14	106195719	C/G	0,94[0,92-0,96]	9.80E-08
rs76523702	SPPL2A	15	51002342	C/T	1,06[1,04-1,08]	6.86E-08